<?xml version="1.0" encoding="UTF-8"?>
<rss version="2.0" 
     xmlns:yandex="http://news.yandex.ru" 
     xmlns:media="http://search.yahoo.com/mrss/" 
     xmlns:turbo="http://turbo.yandex.ru">
    <channel>
        <title>АвтоГОСТ - Грузоперевозки по России</title>
        <link>https://avtogost77.ru</link>
        <description>Надежные грузоперевозки по России 24/7. Подача за 2 часа, калькулятор стоимости онлайн.</description>
        <language>ru</language>
        <turbo:analytics id="ТВОЙ_НОМЕР_МЕТРИКИ" type="Yandex"/>
        
        <item turbo="true">
            <title>Грузоперевозки по России - АвтоГОСТ</title>
            <link>https://avtogost77.ru/</link>
            <pubDate>Mon, 03 Feb 2025 12:00:00 +0300</pubDate>
            <turbo:content><![CDATA[
                <header>
                    <h1>АвтоГОСТ - Грузоперевозки по России 24/7</h1>
                    <figure>
                        <img src="https://avtogost77.ru/assets/img/hero-logistics.webp" alt="Грузоперевозки"/>
                    </figure>
                </header>
                
                <p>Надежные грузоперевозки по всей России. Подача транспорта за 2 часа, онлайн калькулятор стоимости, работаем круглосуточно.</p>
                
                <h2>Наши услуги</h2>
                <ul>
                    <li>🚐 <strong>Газель</strong> - до 1,5 тонн</li>
                    <li>🚚 <strong>3-тонник</strong> - до 3 тонн</li>
                    <li>🚛 <strong>5-тонник</strong> - до 5 тонн</li>
                    <li>🚛 <strong>10-тонник</strong> - до 10 тонн</li>
                    <li>🚛 <strong>Фура</strong> - до 20 тонн</li>
                </ul>
                
                <h2>Преимущества</h2>
                <ul>
                    <li>⚡ Подача за 2 часа</li>
                    <li>💰 Калькулятор стоимости онлайн</li>
                    <li>🕐 Работаем 24/7</li>
                    <li>📍 По всей России</li>
                    <li>✅ Надежные партнеры</li>
                </ul>
                
                <div data-block="widget-feedback" data-title="Заказать перевозку">
                    <div data-block="chat" data-url="https://avtogost77.ru/"></div>
                </div>
            ]]></turbo:content>
        </item>
        
        <item turbo="true">
            <title>Калькулятор стоимости грузоперевозок</title>
            <link>https://avtogost77.ru/services.html</link>
            <pubDate>Mon, 03 Feb 2025 12:00:00 +0300</pubDate>
            <turbo:content><![CDATA[
                <header>
                    <h1>Калькулятор стоимости грузоперевозок</h1>
                </header>
                
                <p>Рассчитайте стоимость перевозки груза онлайн. Точные расчеты с учетом расстояния, веса и типа транспорта.</p>
                
                <h2>Как рассчитывается стоимость</h2>
                <ul>
                    <li>📏 <strong>Расстояние</strong> - основной фактор цены</li>
                    <li>⚖️ <strong>Вес груза</strong> - влияет на выбор транспорта</li>
                    <li>📦 <strong>Объем</strong> - для габаритных грузов</li>
                    <li>🚛 <strong>Тип транспорта</strong> - от газели до фуры</li>
                    <li>⏰ <strong>Срочность</strong> - экспресс доставка дороже</li>
                </ul>
                
                <div data-block="widget-feedback" data-title="Рассчитать стоимость">
                    <div data-block="chat" data-url="https://avtogost77.ru/"></div>
                </div>
            ]]></turbo:content>
        </item>
        
    </channel>
</rss>