{
    "name": "АвтоГОСТ",
    "description": "Грузоперевозки по России 24/7. Подача транспорта за 2 часа. Калькулятор стоимости онлайн.",
    "categories": [
        "Грузоперевозки",
        "Транспортные услуги",
        "Логистика",
        "Курьерские услуги"
    ],
    "phones": [
        "+7 (916) 272-09-32"
    ],
    "website": "https://avtogost77.ru",
    "email": "avtogost77@gmail.com",
    "address": {
        "country": "Россия",
        "city": "Москва",
        "street": "ул. Примерная, д. 1"
    },
    "working_hours": {
        "monday": "00:00-23:59",
        "tuesday": "00:00-23:59", 
        "wednesday": "00:00-23:59",
        "thursday": "00:00-23:59",
        "friday": "00:00-23:59",
        "saturday": "00:00-23:59",
        "sunday": "00:00-23:59"
    },
    "services": [
        "Грузоперевозки по России",
        "Перевозка газелью",
        "Перевозка 3-5 тонн",
        "Перевозка фурой",
        "Сборные грузы",
        "Экспресс доставка",
        "Междугородние перевозки",
        "Логистические услуги"
    ]
}